"ASV";"Kingdom";"Phylum";"Class";"Order";"Family";"Genus"
"ASV1";"Bacteria";"Proteobacteria";"Gammaproteobacteria";"Enterobacterales";"Morganellaceae";"Providencia"
"ASV2";"Bacteria";"Proteobacteria";"Gammaproteobacteria";"Enterobacterales";"Enterobacteriaceae";"Klebsiella"
"ASV3";"Bacteria";"Proteobacteria";"Gammaproteobacteria";"Enterobacterales";"Enterobacteriaceae";"Enterobacter*"
"ASV4";"Bacteria";"Firmicutes";"Bacilli";"Lactobacillales";"Enterococcaceae";"Enterococcus"
"ASV5";"Bacteria";"Firmicutes";"Bacilli";"Lactobacillales";"Lactobacillaceae";"Lactiplantibacillus"
"ASV6";"Bacteria";"Firmicutes";"Bacilli";"Lactobacillales";"Lactobacillaceae";"Lactobacillus"
"ASV7";"Bacteria";"Firmicutes";"Bacilli";"Lactobacillales";"Lactobacillaceae";"Weissella"
"ASV8";"Bacteria";"Firmicutes";"Bacilli";"Lactobacillales";"Enterococcaceae";"Enterococcus"
"ASV9";"Bacteria";"Firmicutes";"Bacilli";"Lactobacillales";"Lactobacillaceae";"Levilactobacillus"
"ASV10";"Bacteria";"Firmicutes";"Bacilli";"Lactobacillales";"Streptococcaceae";"Lactococcus"
"ASV11";"Bacteria";"Firmicutes";"Bacilli";"Lactobacillales";"Lactobacillaceae";"Lactobacillus"
"ASV12";"Bacteria";"Firmicutes";"Bacilli";"Lactobacillales";"Lactobacillaceae";"Leuconostoc"
"ASV13";"Bacteria";"Firmicutes";"Bacilli";"Staphylococcales";"Staphylococcaceae";"Mammaliicoccus*"
"ASV14";"Bacteria";"Firmicutes";"Bacilli";"Lactobacillales";"Enterococcaceae";"Enterococcus"
"ASV15";"Bacteria";"Firmicutes";"Bacilli";"Lactobacillales";"Lactobacillaceae";"Lacticaseibacillus"
"ASV16";"Bacteria";"Firmicutes";"Bacilli";"Lactobacillales";"Carnobacteriaceae";"Atopostipes"
"ASV17";"Bacteria";"Firmicutes";"Bacilli";"Lactobacillales";"Lactobacillaceae";"Lactiplantibacillus"
"ASV18";"Bacteria";"Actinobacteriota";"Actinobacteria";"Actinomycetales";"Actinomycetaceae";"Actinomyces"
"ASV19";"Bacteria";"Proteobacteria";"Gammaproteobacteria";"Enterobacterales";"Morganellaceae";"Proteus"
"ASV20";"Bacteria";"Actinobacteriota";"Actinobacteria";"Corynebacteriales";"Corynebacteriaceae";"Corynebacterium"
"ASV21";"Bacteria";"Firmicutes";"Bacilli";"Bacillales";"Bacillaceae";"Bacillus"
"ASV22";"Bacteria";"Firmicutes";"Bacilli";"Lactobacillales";"Lactobacillaceae";"Lacticaseibacillus"
"ASV23";"Bacteria";"Firmicutes";"Bacilli";"Lactobacillales";"Lactobacillaceae";"Limosilactobacillus"
"ASV24";"Bacteria";"Proteobacteria";"Gammaproteobacteria";"Enterobacterales";"Enterobacteriaceae";"Escherichia-Shigella"
"ASV25";"Bacteria";"Firmicutes";"Bacilli";"Lactobacillales";"Enterococcaceae";"Enterococcus"
"ASV26";"Bacteria";"Firmicutes";"Bacilli";"Lactobacillales";"Lactobacillaceae";"Leuconostoc"
"ASV27";"Bacteria";"Firmicutes";"Bacilli";"Paenibacillales";"Paenibacillaceae";"Paenibacillus"
"ASV28";"Bacteria";"Firmicutes";"Bacilli";"Lactobacillales";"Lactobacillaceae";"Lacticaseibacillus"
"ASV29";"Bacteria";"Firmicutes";"Bacilli";"Bacillales";"Bacillaceae";"Pseudogracilibacillus"
"ASV32";"Bacteria";"Firmicutes";"Bacilli";"Lactobacillales";"Lactobacillaceae";"Lactobacillus"
"ASV33";"Bacteria";"Firmicutes";"Bacilli";"Lactobacillales";"Streptococcaceae";"Streptococcus"
"ASV34";"Bacteria";"Proteobacteria";"Gammaproteobacteria";"Enterobacterales";"Enterobacteriaceae";"Klebsiella"
"ASV35";"Bacteria";"Firmicutes";"Bacilli";"Lactobacillales";"Lactobacillaceae";"Weissella"
"ASV36";"Bacteria";"Proteobacteria";"Gammaproteobacteria";"Enterobacterales";"Morganellaceae";"Providencia"
"ASV37";"Bacteria";"Firmicutes";"Bacilli";"Lactobacillales";"Lactobacillaceae";"Pediococcus"
"ASV38";"Bacteria";"Proteobacteria";"Gammaproteobacteria";"Enterobacterales";"Enterobacteriaceae";"Klebsiella"
"ASV39";"Bacteria";"Firmicutes";"Bacilli";"Lactobacillales";"Lactobacillaceae";"Lactiplantibacillus"
"ASV40";"Bacteria";"Actinobacteriota";"Actinobacteria";"Corynebacteriales";"Corynebacteriaceae";"Corynebacterium"
"ASV41";"Bacteria";"Firmicutes";"Clostridia";"Clostridiales";"Clostridiaceae";"Clostridium sensu stricto 18"
"ASV42";"Bacteria";"Firmicutes";"Bacilli";"Lactobacillales";"Streptococcaceae";"Streptococcus"
"ASV43";"Bacteria";"Proteobacteria";"Gammaproteobacteria";"Enterobacterales";"Enterobacteriaceae";"Enterobacter*"
"ASV44";"Bacteria";"Firmicutes";"Bacilli";"Lactobacillales";"Enterococcaceae";"Enterococcus*"
"ASV46";"Bacteria";"Firmicutes";"Bacilli";"Lactobacillales";"Enterococcaceae";"Enterococcus"
"ASV47";"Bacteria";"Firmicutes";"Bacilli";"Lactobacillales";"Lactobacillaceae";"Lacticaseibacillus"
"ASV49";"Bacteria";"Firmicutes";"Bacilli";"Bacillales";"Bacillaceae";"Pseudogracilibacillus"
"ASV50";"Bacteria";"Proteobacteria";"Gammaproteobacteria";"Pseudomonadales";"Pseudomonadaceae";"Pseudomonas"
"ASV51";"Bacteria";"Firmicutes";"Bacilli";"Lactobacillales";"Lactobacillaceae";"Leuconostoc"
"ASV52";"Bacteria";"Firmicutes";"Bacilli";"Paenibacillales";"Paenibacillaceae";"Paenibacillus"
"ASV53";"Bacteria";"Actinobacteriota";"Actinobacteria";"Corynebacteriales";"Corynebacteriaceae";"Corynebacterium"
"ASV54";"Bacteria";"Firmicutes";"Bacilli";"Bacillales";"Planococcaceae";"Bacillus*"
"ASV55";"Bacteria";"Firmicutes";"Bacilli";"Bacillales";"Bacillaceae";"Bacillus"
"ASV56";"Bacteria";"Actinobacteriota";"Actinobacteria";"Corynebacteriales";"Corynebacteriaceae";"Corynebacterium"
"ASV57";"Bacteria";"Proteobacteria";"Gammaproteobacteria";"Enterobacterales";"Morganellaceae";"Providencia"
"ASV58";"Bacteria";"Actinobacteriota";"Actinobacteria";"Micrococcales";"Brevibacteriaceae";"Brevibacterium"
"ASV59";"Bacteria";"Firmicutes";"Bacilli";"Bacillales";"Planococcaceae";"Solibacillus"
"ASV61";"Bacteria";"Actinobacteriota";"Actinobacteria";"Corynebacteriales";"Corynebacteriaceae";"Corynebacterium"
"ASV65";"Bacteria";"Bacteroidota";"Bacteroidia";"Bacteroidales";"Bacteroidaceae";"Bacteroides"
"ASV66";"Bacteria";"Firmicutes";"Bacilli";"Staphylococcales";"Staphylococcaceae";"Staphylococcus"
"ASV67";"Bacteria";"Actinobacteriota";"Actinobacteria";"Micrococcales";"Brevibacteriaceae";"Brevibacterium"
"ASV68";"Bacteria";"Actinobacteriota";"Actinobacteria";"Micrococcales";"Promicromonosporaceae";"Cellulosimicrobium"
"ASV69";"Bacteria";"Firmicutes";"Bacilli";"Bacillales";"Planococcaceae";"Uncult. bacterium*"
"ASV70";"Bacteria";"Proteobacteria";"Gammaproteobacteria";"Xanthomonadales";"Xanthomonadaceae";"SN8"
"ASV72";"Bacteria";"Proteobacteria";"Gammaproteobacteria";"Pseudomonadales";"Pseudomonadaceae";"Pseudomonas"
"ASV73";"Bacteria";"Proteobacteria";"Gammaproteobacteria";"Burkholderiales";"Burkholderiaceae";"Ralstonia"
"ASV75";"Bacteria";"Firmicutes";"Bacilli";"Staphylococcales";"Staphylococcaceae";NA
"ASV76";"Bacteria";"Proteobacteria";"Gammaproteobacteria";"Pseudomonadales";"Pseudomonadaceae";"Pseudomonas"
"ASV77";"Bacteria";"Firmicutes";"Bacilli";"Bacillales";"Planococcaceae";"Solibacillus"
"ASV78";"Bacteria";"Firmicutes";"Bacilli";"Lactobacillales";"Lactobacillaceae";"Secundilactobacillus"
"ASV79";"Bacteria";"Proteobacteria";"Gammaproteobacteria";"Enterobacterales";"Enterobacteriaceae";NA
"ASV80";"Bacteria";"Firmicutes";"Bacilli";"Lactobacillales";"Lactobacillaceae";"Leuconostoc"
"ASV81";"Bacteria";"Firmicutes";"Bacilli";"Lactobacillales";"Lactobacillaceae";"Lactobacillus"
"ASV83";"Bacteria";"Proteobacteria";"Gammaproteobacteria";"Burkholderiales";"Comamonadaceae";"Delftia"
"ASV84";"Bacteria";"Firmicutes";"Bacilli";"Lactobacillales";"Lactobacillaceae";"Loigolactobacillus"
"ASV85";"Bacteria";"Bacteroidota";"Bacteroidia";"Bacteroidales";"Bacteroidaceae";"Bacteroides"
"ASV86";"Bacteria";"Bacteroidota";"Bacteroidia";"Bacteroidales";"Bacteroidaceae";"Bacteroides"
"ASV87";"Bacteria";"Firmicutes";"Bacilli";"Lactobacillales";"Streptococcaceae";"Streptococcus"
"ASV90";"Bacteria";"Proteobacteria";"Gammaproteobacteria";"Xanthomonadales";"Xanthomonadaceae";"Stenotrophomonas"
"ASV91";"Bacteria";"Firmicutes";"Bacilli";"Staphylococcales";"Staphylococcaceae";"Staphylococcus"
"ASV92";"Bacteria";"Proteobacteria";"Gammaproteobacteria";"Enterobacterales";"Yersiniaceae";"Yersinia"
"ASV93";"Bacteria";"Firmicutes";"Bacilli";"Bacillales";"Bacillaceae";"Oceanobacillus"
"ASV94";"Bacteria";"Firmicutes";"Bacilli";"Lactobacillales";"Lactobacillaceae";"Levilactobacillus"
"ASV95";"Bacteria";"Proteobacteria";"Gammaproteobacteria";"Pseudomonadales";"Moraxellaceae";"Psychrobacter"
"ASV96";"Bacteria";"Firmicutes";"Bacilli";"Lactobacillales";"Lactobacillaceae";"Lactobacillus"
"ASV97";"Bacteria";"Firmicutes";"Bacilli";"Lactobacillales";"Lactobacillaceae";"Lentilactobacillus"
"ASV98";"Bacteria";"Proteobacteria";"Gammaproteobacteria";"Enterobacterales";"Enterobacteriaceae";NA
"ASV99";"Bacteria";"Proteobacteria";"Alphaproteobacteria";"Sphingomonadales";"Sphingomonadaceae";"Sphingomonas"
"ASV100";"Bacteria";"Firmicutes";"Bacilli";"Lactobacillales";"Lactobacillaceae";"Lapidilactobacillus"
"ASV101";"Bacteria";"Bacteroidota";"Bacteroidia";"Bacteroidales";"Tannerellaceae";"Parabacteroides"
"ASV103";"Bacteria";"Bacteroidota";"Bacteroidia";"Bacteroidales";"Tannerellaceae";"Parabacteroides"
"ASV104";"Bacteria";"Firmicutes";"Bacilli";"Lactobacillales";"Lactobacillaceae";"Lactobacillus"
"ASV105";"Bacteria";"Actinobacteriota";"Actinobacteria";"Micrococcales";"Promicromonosporaceae";"Cellulosimicrobium"
"ASV106";"Bacteria";"Proteobacteria";"Gammaproteobacteria";"Enterobacterales";"Morganellaceae";"Providencia"
"ASV107";"Bacteria";"Bacteroidota";"Bacteroidia";"Bacteroidales";"Bacteroidaceae";"Bacteroides"
"ASV109";"Bacteria";"Proteobacteria";"Alphaproteobacteria";"Rhodobacterales";"Rhodobacteraceae";"Rubellimicrobium"
"ASV110";"Bacteria";"Proteobacteria";"Gammaproteobacteria";"Enterobacterales";"Enterobacteriaceae";NA
"ASV111";"Bacteria";"Bacteroidota";"Bacteroidia";"Bacteroidales";"Bacteroidaceae";"Bacteroides"
"ASV113";"Bacteria";"Firmicutes";"Bacilli";"Staphylococcales";"Staphylococcaceae";"Jeotgalicoccus"
"ASV114";"Bacteria";"Firmicutes";"Bacilli";"Lactobacillales";"Lactobacillaceae";"Weissella"
"ASV115";"Bacteria";"Proteobacteria";"Gammaproteobacteria";"Pseudomonadales";"Alcanivoracaceae1";"Alcanivorax"
"ASV116";"Bacteria";"Firmicutes";"Bacilli";"Lactobacillales";"Listeriaceae";"Brochothrix"
"ASV117";"Bacteria";"Actinobacteriota";"Actinobacteria";"Corynebacteriales";"Corynebacteriaceae";"Corynebacterium"
"ASV119";"Bacteria";"Proteobacteria";"Gammaproteobacteria";"Pseudomonadales";"Moraxellaceae";"Psychrobacter"
"ASV120";"Bacteria";"Proteobacteria";"Gammaproteobacteria";"Burkholderiales";"Sutterellaceae";"Parasutterella"
"ASV121";"Bacteria";"Bacteroidota";"Bacteroidia";"Bacteroidales";"Tannerellaceae";"Parabacteroides"
"ASV122";"Bacteria";"Proteobacteria";"Gammaproteobacteria";"Enterobacterales";"Vibrionaceae";"Photobacterium"
"ASV123";"Bacteria";"Proteobacteria";"Gammaproteobacteria";"Pseudomonadales";"Moraxellaceae";"Acinetobacter"
"ASV124";"Bacteria";"Firmicutes";"Bacilli";"Staphylococcales";"Staphylococcaceae";"Staphylococcus"
"ASV126";"Bacteria";"Proteobacteria";"Gammaproteobacteria";"Enterobacterales";"Erwiniaceae";NA
"ASV127";"Bacteria";"Proteobacteria";"Gammaproteobacteria";"Pseudomonadales";"Moraxellaceae";"Acinetobacter"
"ASV128";"Bacteria";"Proteobacteria";"Gammaproteobacteria";"Burkholderiales";"Hydrogenophilaceae";"Tepidiphilus"
"ASV129";"Bacteria";"Proteobacteria";"Alphaproteobacteria";"Rhizobiales";"Beijerinckiaceae";"Methylobacterium-Methylorubrum"
"ASV130";"Bacteria";"Proteobacteria";"Alphaproteobacteria";"Sphingomonadales";"Sphingomonadaceae";"Sphingomonas"
"ASV131";"Bacteria";"Bacteroidota";"Bacteroidia";"Bacteroidales";"Porphyromonadaceae";"Porphyromonas"
"ASV132";"Bacteria";"Bacteroidota";"Bacteroidia";"Bacteroidales";"Bacteroidaceae";"Bacteroides"
"ASV133";"Bacteria";"Proteobacteria";"Gammaproteobacteria";"Enterobacterales";"Aeromonadaceae";"Aeromonas"
"ASV134";"Bacteria";"Proteobacteria";"Gammaproteobacteria";"Burkholderiales";"Comamonadaceae";NA
"ASV135";"Bacteria";"Proteobacteria";"Gammaproteobacteria";"Pseudomonadales";"Moraxellaceae";"Acinetobacter"
"ASV136";"Bacteria";"Firmicutes";"Clostridia";"Oscillospirales";"Ruminococcaceae";"Faecalibacterium"
"ASV137";"Bacteria";"Proteobacteria";"Gammaproteobacteria";"Pseudomonadales";"Pseudomonadaceae";"Pseudomonas"
"ASV138";"Bacteria";"Firmicutes";"Bacilli";"Bacillales";"Bacillaceae";"Amphibacillus"
"ASV139";"Bacteria";"Actinobacteriota";"Actinobacteria";"Corynebacteriales";"Corynebacteriaceae";"Corynebacterium"
"ASV140";"Bacteria";"Proteobacteria";"Gammaproteobacteria";"Pseudomonadales";"Pseudomonadaceae";"Pseudomonas"
"ASV141";"Bacteria";"Firmicutes";"Bacilli";"Lactobacillales";"Enterococcaceae";"Tetragenococcus"
"ASV143";"Bacteria";"Firmicutes";"Bacilli";"Bacillales";"Bacillaceae";"Bacillus"
"ASV144";"Bacteria";"Proteobacteria";"Gammaproteobacteria";"Burkholderiales";"Sutterellaceae";"Parasutterella"
"ASV146";"Bacteria";"Firmicutes";"Negativicutes";"Veillonellales-Selenomonadales";"Veillonellaceae";"Dialister"
"ASV147";"Bacteria";"Proteobacteria";"Gammaproteobacteria";"Pseudomonadales";"Moraxellaceae";"Acinetobacter"
"ASV148";"Bacteria";"Actinobacteriota";"Actinobacteria";"Micrococcales";"Dermabacteraceae";"Brachybacterium"
"ASV149";"Bacteria";"Firmicutes";"Bacilli";"Lactobacillales";"Lactobacillaceae";"Lactobacillus"
"ASV150";"Bacteria";"Proteobacteria";"Gammaproteobacteria";"Pseudomonadales";"Moraxellaceae";"Acinetobacter"
"ASV152";"Bacteria";"Firmicutes";"Clostridia";"Oscillospirales";"Ruminococcaceae";"Subdoligranulum"
"ASV153";"Bacteria";"Proteobacteria";"Gammaproteobacteria";"Pseudomonadales";"Pseudomonadaceae";"Pseudomonas"
"ASV155";"Bacteria";"Proteobacteria";"Gammaproteobacteria";"Pseudomonadales";"Halomonadaceae";"Halomonas"
"ASV156";"Bacteria";"Firmicutes";"Bacilli";"Lactobacillales";"Lactobacillaceae";"Lactobacillus"
"ASV157";"Bacteria";"Proteobacteria";"Gammaproteobacteria";"Enterobacterales";"Yersiniaceae";NA
"ASV158";"Bacteria";"Firmicutes";"Bacilli";"Lactobacillales";"Lactobacillaceae";"Leuconostoc"
"ASV159";"Bacteria";"Actinobacteriota";"Thermoleophilia";"Solirubrobacterales";"67-14";NA
"ASV160";"Bacteria";"Proteobacteria";"Gammaproteobacteria";"Burkholderiales";"Burkholderiaceae";"Ralstonia"
"ASV161";"Bacteria";"Proteobacteria";"Gammaproteobacteria";"Pseudomonadales";"Moraxellaceae";"Enhydrobacter"
"ASV162";"Bacteria";"Proteobacteria";"Gammaproteobacteria";"Pseudomonadales";"Moraxellaceae";"Acinetobacter"
"ASV163";"Bacteria";"Proteobacteria";"Gammaproteobacteria";"Enterobacterales";"Aeromonadaceae";"Aeromonas"
"ASV164";"Bacteria";"Proteobacteria";"Gammaproteobacteria";"Pseudomonadales";"Alcanivoracaceae1";"Alcanivorax"
"ASV165";"Bacteria";"Dependentiae";"Babeliae";"Babeliales";"Vermiphilaceae";NA
"ASV166";"Bacteria";"Firmicutes";"Bacilli";"Lactobacillales";"Lactobacillaceae";"Schleiferilactobacillus"
"ASV168";"Bacteria";"Firmicutes";"Clostridia";"Oscillospirales";"Oscillospiraceae";"Flavonifractor"
"ASV169";"Bacteria";"Firmicutes";"Clostridia";"Oscillospirales";"Ruminococcaceae";"Faecalibacterium"
"ASV170";"Bacteria";"Firmicutes";"Bacilli";"Lactobacillales";"Streptococcaceae";"Lactococcus"
"ASV172";"Bacteria";"Proteobacteria";"Gammaproteobacteria";"Enterobacterales";"Pseudoalteromonadaceae";"Pseudoalteromonas"
"ASV173";"Bacteria";"Firmicutes";"Bacilli";"Lactobacillales";"Carnobacteriaceae";"Isobaculum"
"ASV174";"Bacteria";"Firmicutes";"Bacilli";"Erysipelotrichales";"Erysipelotrichaceae";"Turicibacter"
"ASV175";"Bacteria";"Actinobacteriota";"Actinobacteria";"Actinomycetales";"Actinomycetaceae";"Actinomyces"
"ASV176";"Bacteria";"Proteobacteria";"Gammaproteobacteria";"Burkholderiales";"Comamonadaceae";"Aquabacterium"
"ASV177";"Bacteria";"Firmicutes";"Bacilli";"Lactobacillales";"Streptococcaceae";"Lactococcus"
"ASV178";"Bacteria";"Proteobacteria";"Gammaproteobacteria";"Burkholderiales";"Burkholderiaceae";"Burkholderia-Caballeronia-Paraburkholderia"
"ASV179";"Bacteria";"Proteobacteria";"Gammaproteobacteria";"Burkholderiales";"Comamonadaceae";"Aquabacterium"
"ASV182";"Bacteria";"Proteobacteria";"Gammaproteobacteria";"Enterobacterales";"Alteromonadaceae";"Alteromonas"
"ASV183";"Bacteria";"Proteobacteria";"Gammaproteobacteria";"Xanthomonadales";"Xanthomonadaceae";"Stenotrophomonas"
"ASV185";"Bacteria";"Firmicutes";"Bacilli";"Bacillales";"Bacillaceae";"Anaerobacillus"
"ASV186";"Bacteria";"Firmicutes";"Bacilli";"Paenibacillales";"Paenibacillaceae";"Paenibacillus"
"ASV187";"Bacteria";"Proteobacteria";"Gammaproteobacteria";"Burkholderiales";"Burkholderiaceae";"Burkholderia-Caballeronia-Paraburkholderia"
"ASV188";"Bacteria";"Firmicutes";"Bacilli";"Lactobacillales";"Lactobacillaceae";"Lactobacillus"
"ASV189";"Bacteria";"Bacteroidota";"Bacteroidia";"Bacteroidales";"Bacteroidaceae";"Bacteroides"
"ASV190";"Bacteria";"Firmicutes";"Clostridia";"Lachnospirales";"Lachnospiraceae";"Lachnospira"
"ASV191";"Bacteria";"Firmicutes";"Clostridia";"Oscillospirales";"Ruminococcaceae";"Faecalibacterium"
"ASV194";"Bacteria";"Proteobacteria";"Gammaproteobacteria";"Burkholderiales";"Comamonadaceae";NA
"ASV195";"Bacteria";"Firmicutes";"Bacilli";"Thermicanales";"Thermicanaceae";"Thermicanus"
"ASV197";"Bacteria";"Firmicutes";"Bacilli";"Bacillales";"Bacillaceae";"Aeribacillus"
"ASV198";"Bacteria";"Proteobacteria";"Gammaproteobacteria";"Burkholderiales";"Comamonadaceae";NA
"ASV199";"Bacteria";"Firmicutes";"Bacilli";"Lactobacillales";"Lactobacillaceae";"HT002"
"ASV200";"Bacteria";"Proteobacteria";"Gammaproteobacteria";"Enterobacterales";"Pseudoalteromonadaceae";"Pseudoalteromonas"
"ASV201";"Bacteria";"Firmicutes";"Clostridia";"Lachnospirales";"Lachnospiraceae";"[Eubacterium] eligens group"
"ASV202";"Bacteria";"Proteobacteria";"Gammaproteobacteria";"Burkholderiales";"Sutterellaceae";"Parasutterella"
"ASV203";"Bacteria";"Firmicutes";"Clostridia";"Lachnospirales";"Lachnospiraceae";"[Eubacterium] eligens group"
"ASV204";"Bacteria";"Proteobacteria";"Gammaproteobacteria";"Xanthomonadales";"Xanthomonadaceae";NA
"ASV206";"Bacteria";"Firmicutes";"Clostridia";"Oscillospirales";"Oscillospiraceae";"UCG-002"
"ASV207";"Bacteria";"Firmicutes";"Negativicutes";"Veillonellales-Selenomonadales";"Veillonellaceae";"Dialister"
"ASV208";"Bacteria";"Actinobacteriota";"Actinobacteria";"Micromonosporales";"Micromonosporaceae";"Catellatospora"
"ASV211";"Bacteria";"Firmicutes";"Bacilli";"Lactobacillales";"Carnobacteriaceae";"Atopostipes"
"ASV212";"Bacteria";"Proteobacteria";"Gammaproteobacteria";"Xanthomonadales";"Xanthomonadaceae";"Stenotrophomonas"
"ASV213";"Bacteria";"Proteobacteria";"Gammaproteobacteria";"Enterobacterales";"Pseudoalteromonadaceae";"Pseudoalteromonas"
"ASV214";"Bacteria";"Proteobacteria";"Gammaproteobacteria";"Xanthomonadales";"Xanthomonadaceae";"Stenotrophomonas"
"ASV215";"Bacteria";"Bacteroidota";"Bacteroidia";"Bacteroidales";"Bacteroidaceae";"Bacteroides"
"ASV216";"Bacteria";"Proteobacteria";"Gammaproteobacteria";"Burkholderiales";"Hydrogenophilaceae";"Tepidiphilus"
"ASV217";"Bacteria";"Proteobacteria";"Gammaproteobacteria";"Pseudomonadales";"Alcanivoracaceae1";"Alcanivorax"
"ASV218";"Bacteria";"Proteobacteria";"Gammaproteobacteria";"Enterobacterales";"Morganellaceae";"Moellerella"
"ASV219";"Bacteria";"Proteobacteria";"Gammaproteobacteria";"Burkholderiales";"Alcaligenaceae";"Achromobacter"
"ASV221";"Bacteria";"Firmicutes";"Bacilli";"Lactobacillales";"Lactobacillaceae";"Lacticaseibacillus"
"ASV222";"Bacteria";"Proteobacteria";"Gammaproteobacteria";"Xanthomonadales";"Xanthomonadaceae";"Arenimonas"
"ASV223";"Bacteria";"Proteobacteria";"Gammaproteobacteria";"Pseudomonadales";"Pseudomonadaceae";"Pseudomonas"
"ASV225";"Bacteria";"Firmicutes";"Bacilli";"Lactobacillales";"Lactobacillaceae";"Weissella"
"ASV226";"Bacteria";"Proteobacteria";"Gammaproteobacteria";"Burkholderiales";"Oxalobacteraceae";"Massilia"
"ASV227";"Bacteria";"Firmicutes";"Bacilli";"Lactobacillales";"Streptococcaceae";NA
"ASV228";"Bacteria";"Firmicutes";"Bacilli";"Alicyclobacillales";"Alicyclobacillaceae";"Alicyclobacillus"
"ASV230";"Bacteria";"Firmicutes";"Clostridia";"Peptostreptococcales-Tissierellales";"Family XI";"Anaerococcus"
"ASV232";"Bacteria";"Firmicutes";"Clostridia";"Peptostreptococcales-Tissierellales";"Clostridiisalibacter";NA
"ASV235";"Bacteria";"Actinobacteriota";"Actinobacteria";"Micrococcales";"Micrococcaceae";"Micrococcus"
"ASV236";"Bacteria";"Proteobacteria";"Gammaproteobacteria";"Burkholderiales";"Comamonadaceae";"Schlegelella"
"ASV237";"Bacteria";"Verrucomicrobiota";"Verrucomicrobiae";"Pedosphaerales";"Pedosphaeraceae";NA
"ASV239";"Bacteria";"Actinobacteriota";"Acidimicrobiia";"Microtrichales";"Ilumatobacteraceae";"Ilumatobacter"
"ASV240";"Bacteria";"Proteobacteria";"Gammaproteobacteria";"Xanthomonadales";"Xanthomonadaceae";"Lysobacter"
"ASV241";"Bacteria";"Actinobacteriota";"Actinobacteria";"Micrococcales";"Micrococcaceae";"Micrococcus"
"ASV242";"Bacteria";"Actinobacteriota";"Actinobacteria";"Actinomycetales";"Actinomycetaceae";"Actinomyces"
"ASV243";"Bacteria";"Proteobacteria";"Gammaproteobacteria";"Xanthomonadales";"Xanthomonadaceae";"Stenotrophomonas"
"ASV244";"Bacteria";"Proteobacteria";"Gammaproteobacteria";"Pseudomonadales";"Moraxellaceae";"Enhydrobacter"
"ASV246";"Bacteria";"Proteobacteria";"Gammaproteobacteria";"Nitrosococcales";"Methylophagaceae";"Methylophaga"
"ASV247";"Bacteria";"Bacteroidota";"Bacteroidia";"Bacteroidales";"Bacteroidaceae";"Bacteroides"
"ASV248";"Bacteria";"Proteobacteria";"Gammaproteobacteria";"Burkholderiales";"Comamonadaceae";"Tepidimonas"
"ASV250";"Bacteria";"Proteobacteria";"Gammaproteobacteria";"Pseudomonadales";"Marinobacteraceae";"Marinobacter"
"ASV251";"Bacteria";"Actinobacteriota";"Actinobacteria";"Streptomycetales";"Streptomycetaceae";"Streptomyces"
"ASV252";"Bacteria";"Firmicutes";"Bacilli";"Staphylococcales";"Staphylococcaceae";NA
"ASV253";"Bacteria";"Planctomycetota";"Planctomycetes";"Gemmatales";"Gemmataceae";NA
"ASV257";"Bacteria";"Actinobacteriota";"Actinobacteria";"Micrococcales";"Micrococcaceae";"Pseudarthrobacter"
"ASV258";"Bacteria";"Firmicutes";"Bacilli";"Bacillales";"Bacillaceae";"Oceanobacillus"
"ASV259";"Bacteria";"Verrucomicrobiota";"Verrucomicrobiae";"Pedosphaerales";"Pedosphaeraceae";"ADurb.Bin063-1"
"ASV261";"Bacteria";"Proteobacteria";"Gammaproteobacteria";"Pseudomonadales";"Moraxellaceae";"Enhydrobacter"
"ASV263";"Bacteria";"Firmicutes";"Clostridia";"Clostridiales";"Clostridiaceae";"Clostridium sensu stricto 18"
"ASV265";"Bacteria";"Proteobacteria";"Gammaproteobacteria";"Enterobacterales";"Pasteurellaceae";"Haemophilus"
"ASV266";"Bacteria";"Proteobacteria";"Gammaproteobacteria";"Burkholderiales";"Comamonadaceae";NA
"ASV267";"Bacteria";"Actinobacteriota";"Actinobacteria";"Frankiales";"Nakamurellaceae";"Nakamurella"
"ASV269";"Bacteria";"Proteobacteria";"Gammaproteobacteria";"Burkholderiales";"Comamonadaceae";NA
"ASV270";"Bacteria";"Actinobacteriota";"Actinobacteria";"Streptomycetales";"Streptomycetaceae";"Streptomyces"
"ASV271";"Bacteria";"Firmicutes";"Bacilli";"Acholeplasmatales";"Acholeplasmataceae";"Candidatus Phytoplasma"
"ASV272";"Bacteria";"Bacteroidota";"Bacteroidia";"Bacteroidales";"Tannerellaceae";"Parabacteroides"
"ASV275";"Bacteria";"Firmicutes";"Negativicutes";"Veillonellales-Selenomonadales";"Veillonellaceae";"Dialister"
"ASV277";"Bacteria";"Firmicutes";"Bacilli";"Lactobacillales";"Carnobacteriaceae";NA
"ASV280";"Bacteria";"Actinobacteriota";"Actinobacteria";"Streptomycetales";"Streptomycetaceae";"Streptomyces"
"ASV282";"Bacteria";"Firmicutes";"Bacilli";"Lactobacillales";"Carnobacteriaceae";"Isobaculum"
"ASV283";"Bacteria";"Proteobacteria";"Gammaproteobacteria";"Burkholderiales";"Alcaligenaceae";"Alcaligenes"
"ASV284";"Bacteria";"Firmicutes";"Bacilli";"Lactobacillales";"Lactobacillaceae";"Weissella"
"ASV287";"Bacteria";"Myxococcota";"Polyangia";"Polyangiales";"BIrii41";NA
"ASV290";"Bacteria";"Firmicutes";"Clostridia";"Oscillospirales";"[Eubacterium] coprostanoligenes group";NA
"ASV291";"Bacteria";"Proteobacteria";"Alphaproteobacteria";"Rhizobiales";"Amb-16S-1323";NA
"ASV294";"Bacteria";"Proteobacteria";"Gammaproteobacteria";"Burkholderiales";"SC-I-84";NA
"ASV295";"Bacteria";"Actinobacteriota";"Actinobacteria";"Micromonosporales";"Micromonosporaceae";"Virgisporangium"
"ASV296";"Bacteria";"Proteobacteria";"Gammaproteobacteria";"Pseudomonadales";"Moraxellaceae";"Acinetobacter"
"ASV297";"Bacteria";"Actinobacteriota";"Acidimicrobiia";"Microtrichales";"Ilumatobacteraceae";NA
"ASV298";"Bacteria";"Firmicutes";"Bacilli";"Paenibacillales";"Paenibacillaceae";"Paenibacillus"
"ASV299";"Bacteria";"Actinobacteriota";"Thermoleophilia";"Solirubrobacterales";"67-14";NA
"ASV300";"Bacteria";"Proteobacteria";"Gammaproteobacteria";"Enterobacterales";"Vibrionaceae";NA
"ASV304";"Bacteria";"Firmicutes";"Clostridia";"Lachnospirales";"Lachnospiraceae";"[Ruminococcus] gauvreauii group"
"ASV305";"Bacteria";"Actinobacteriota";"Actinobacteria";"Micrococcales";"Brevibacteriaceae";"Brevibacterium"
"ASV306";"Bacteria";"Firmicutes";"Bacilli";"Lactobacillales";"Lactobacillaceae";"Weissella"
"ASV308";"Bacteria";"Proteobacteria";"Gammaproteobacteria";"Burkholderiales";"Oxalobacteraceae";"Duganella"
"ASV309";"Bacteria";"Firmicutes";"Bacilli";"Lactobacillales";"Carnobacteriaceae";"Isobaculum"
"ASV310";"Bacteria";"Proteobacteria";"Alphaproteobacteria";"Rhodobacterales";"Rhodobacteraceae";"Paracoccus"
"ASV311";"Bacteria";"Acidobacteriota";"Vicinamibacteria";"Vicinamibacterales";"Vicinamibacteraceae";NA
"ASV314";"Bacteria";"Proteobacteria";"Gammaproteobacteria";"Xanthomonadales";"Xanthomonadaceae";"Arenimonas"
"ASV318";"Bacteria";"Chloroflexi";"Chloroflexia";"Thermomicrobiales";"JG30-KF-CM45";NA
"ASV319";"Bacteria";"Proteobacteria";"Gammaproteobacteria";"Xanthomonadales";"Xanthomonadaceae";"Arenimonas"
"ASV323";"Bacteria";"Gemmatimonadota";"Gemmatimonadetes";"Gemmatimonadales";"Gemmatimonadaceae";NA
"ASV326";"Bacteria";"Proteobacteria";"Alphaproteobacteria";"Rhizobiales";"Rhizobiales Incertae Sedis";"Nordella"
"ASV328";"Bacteria";"Chloroflexi";"Anaerolineae";"Anaerolineales";"Anaerolineaceae";NA
"ASV329";"Bacteria";"Proteobacteria";"Gammaproteobacteria";"Burkholderiales";"Oxalobacteraceae";NA
"ASV331";"Bacteria";"Proteobacteria";"Gammaproteobacteria";"Steroidobacterales";"Woeseiaceae";"Woeseia"
"ASV333";"Bacteria";"Proteobacteria";"Gammaproteobacteria";"Xanthomonadales";"Xanthomonadaceae";NA
"ASV334";"Bacteria";"Firmicutes";"Clostridia";"Lachnospirales";"Lachnospiraceae";NA
"ASV336";"Bacteria";"Bacteroidota";"Bacteroidia";"Flavobacteriales";"Weeksellaceae";"Empedobacter"
"ASV337";"Bacteria";"Proteobacteria";"Alphaproteobacteria";"Rhizobiales";"Beijerinckiaceae";"Microvirga"
"ASV338";"Bacteria";"Planctomycetota";"Brocadiae";"Brocadiales";"Brocadiaceae";"Candidatus Brocadia"
"ASV339";"Bacteria";"Proteobacteria";"Alphaproteobacteria";"Rhizobiales";"Beijerinckiaceae";"Methylobacterium-Methylorubrum"
"ASV340";"Bacteria";"Proteobacteria";"Gammaproteobacteria";"Pseudomonadales";"Moraxellaceae";"Acinetobacter"
"ASV342";"Bacteria";"Planctomycetota";"Brocadiae";"Brocadiales";"Brocadiaceae";"Candidatus Brocadia"
"ASV344";"Bacteria";"Actinobacteriota";"Actinobacteria";"Frankiales";"Nakamurellaceae";"Nakamurella"
"ASV345";"Bacteria";"Hydrogenedentes";"Hydrogenedentia";"Hydrogenedentiales";"Hydrogenedensaceae";NA
"ASV346";"Bacteria";"Gemmatimonadota";"Gemmatimonadetes";"Gemmatimonadales";"Gemmatimonadaceae";NA
"ASV352";"Bacteria";"Proteobacteria";"Gammaproteobacteria";"Pseudomonadales";"Marinobacteraceae";"Marinobacter"
"ASV353";"Bacteria";"Acidobacteriota";"Vicinamibacteria";"Vicinamibacterales";"Vicinamibacteraceae";NA
"ASV354";"Bacteria";"Proteobacteria";"Gammaproteobacteria";"Pseudomonadales";"Alcanivoracaceae1";"Alcanivorax"
"ASV355";"Bacteria";"Actinobacteriota";"Acidimicrobiia";"Microtrichales";"Iamiaceae";"Iamia"
"ASV360";"Bacteria";"Actinobacteriota";"Actinobacteria";"Corynebacteriales";"Corynebacteriaceae";NA
"ASV361";"Bacteria";"Proteobacteria";"Gammaproteobacteria";"Burkholderiales";"Alcaligenaceae";"Paenalcaligenes"
"ASV362";"Bacteria";"Firmicutes";"Bacilli";"Lactobacillales";"Lactobacillaceae";"Lactobacillus"
"ASV363";"Bacteria";"Bacteroidota";"Bacteroidia";"Bacteroidales";"Tannerellaceae";"Parabacteroides"
"ASV365";"Bacteria";"Proteobacteria";"Gammaproteobacteria";"Burkholderiales";"Burkholderiaceae";"Ralstonia"
"ASV370";"Bacteria";"Proteobacteria";"Gammaproteobacteria";"Burkholderiales";"Rhodocyclaceae";NA
"ASV371";"Bacteria";"Firmicutes";"Clostridia";"Lachnospirales";"Lachnospiraceae";"Lachnospiraceae NK4A136 group"
"ASV374";"Bacteria";"Gemmatimonadota";"Gemmatimonadetes";"Gemmatimonadales";"Gemmatimonadaceae";"Gemmatimonas"
"ASV376";"Bacteria";"Acidobacteriota";"Vicinamibacteria";"Vicinamibacterales";"Vicinamibacteraceae";"Vicinamibacter"
"ASV383";"Bacteria";"Proteobacteria";"Gammaproteobacteria";"Burkholderiales";"Gallionellaceae";"Gallionella"
"ASV389";"Bacteria";"Proteobacteria";"Alphaproteobacteria";"Sphingomonadales";"Sphingomonadaceae";"Sphingobium"
"ASV393";"Bacteria";"Firmicutes";"Bacilli";"Lactobacillales";"Lactobacillaceae";"Weissella"
"ASV394";"Bacteria";"Proteobacteria";"Gammaproteobacteria";"Burkholderiales";"Sutterellaceae";"Parasutterella"
"ASV395";"Bacteria";"Actinobacteriota";"Actinobacteria";"Frankiales";"Cryptosporangiaceae";"Cryptosporangium"
"ASV397";"Bacteria";"Bacteroidota";"Bacteroidia";"Bacteroidales";"Muribaculaceae";NA
"ASV399";"Bacteria";"Firmicutes";"Bacilli";"Paenibacillales";"Paenibacillaceae";"Paenibacillus"
"ASV400";"Bacteria";"Proteobacteria";"Gammaproteobacteria";"Pseudomonadales";"Moraxellaceae";"Acinetobacter"
"ASV401";"Bacteria";"Proteobacteria";"Alphaproteobacteria";"Caulobacterales";"Caulobacteraceae";"Brevundimonas"
"ASV402";"Bacteria";"Proteobacteria";"Gammaproteobacteria";"Pseudomonadales";"Moraxellaceae";"Psychrobacter"
"ASV408";"Bacteria";"Proteobacteria";"Gammaproteobacteria";"Burkholderiales";"SC-I-84";NA
"ASV410";"Bacteria";"Proteobacteria";"Alphaproteobacteria";"Rhizobiales";"Xanthobacteraceae";"Bradyrhizobium"
